{"A":{"0":19.41344875,"1":9.1832535815,"2":94.4391023162,"3":42.4838274046,"4":2.5641987821,"5":82.5440785895,"6":95.3002967131,"7":32.2539723463,"8":91.27225244,"9":1.3541387488,"10":4.0511239418,"11":52.1877735265,"12":77.8049256811,"13":6.8164776863,"14":84.194398425,"15":31.7466899559,"16":81.7961707851,"17":56.8602281468,"18":68.7152578892,"19":64.2875591332,"20":1.2224060049,"21":30.948734391,"22":50.0419965277,"23":34.2852940794,"24":88.5324693875,"25":31.5399583727,"26":84.9913673545,"27":92.2550337966,"28":34.0319204542,"29":40.6006630635,"30":59.8577110674,"31":21.7312399203,"32":12.1688755364,"33":13.1882872909,"34":33.6220550825,"35":23.6737119773,"36":42.0148347446,"37":43.2011650357,"38":94.5603048752,"39":74.7031916049,"40":77.3198297057,"41":79.8585246014,"42":42.6277838307,"43":96.258945197,"44":98.9784380254,"45":81.8122594165,"46":85.6374325918,"47":27.5959234121,"48":17.1403615324,"49":48.6090322527,"50":87.6854309993,"51":76.4624640475,"52":23.4483339359,"53":43.0422433322,"54":15.6464974232,"55":5.759293439,"56":2.716391729,"57":9.639019306,"58":52.3530380514,"59":55.6854519146,"60":10.3999581736,"61":3.1895724764,"62":73.0039837344,"63":40.6295397094,"64":47.6014807517,"65":44.3783194109,"66":66.9979346414,"67":0.3901804924,"68":3.9961386534,"69":50.8426287914,"70":79.255751115,"71":16.894089103,"72":88.2267228491,"73":15.2397538819,"74":53.250544268,"75":3.1422188981,"76":79.0815690284,"77":20.5887090057,"78":85.9093112618,"79":8.075261531,"80":56.4110064557,"81":88.2248564927,"82":77.6978212973,"83":30.7840704721,"84":63.3675975423,"85":56.1612305368,"86":67.8593259569,"87":48.0044147237,"88":61.294398282,"89":70.5566923616,"90":61.1027506654,"91":71.1282498251,"92":88.1882083502,"93":58.7457236987,"94":53.1313362833,"95":28.8616007542,"96":76.234526363,"97":6.7077244466,"98":94.8923058056,"99":18.3505478882},"B":{"0":21.7897908358,"1":51.7917371365,"2":95.8279970843,"3":86.4540304959,"4":79.3424336551,"5":7.4468869642,"6":38.2258067815,"7":25.9227945203,"8":28.4758587383,"9":9.3810912564,"10":25.2395391258,"11":7.0354977692,"12":41.8135691284,"13":84.4057454459,"14":29.0187748845,"15":93.5362735058,"16":73.4402084389,"17":96.1874975807,"18":29.7438974319,"19":78.8590438494,"20":79.3042242297,"21":65.5395406691,"22":26.5298419724,"23":73.9303675648,"24":29.2677485214,"25":50.6673655319,"26":94.9543435818,"27":47.5899217216,"28":68.2165923547,"29":67.4058524792,"30":28.7570120755,"31":35.3416164957,"32":75.0271716034,"33":74.6903476495,"34":98.6410474634,"35":18.75822086,"36":53.7436035037,"37":83.4639318661,"38":80.7467655364,"39":68.6196514485,"40":49.9159520716,"41":29.2271111098,"42":10.1213983413,"43":70.6593694419,"44":16.387502573,"45":82.3185123301,"46":33.2475777263,"47":29.661725533,"48":73.6296576577,"49":5.9561960105,"50":20.8290403957,"51":10.309413528,"52":31.4664013612,"53":51.1921145298,"54":26.7077268321,"55":0.1137529107,"56":98.4189202074,"57":54.0005130409,"58":65.7489802,"59":72.6212056675,"60":2.0113739186,"61":8.684009941,"62":13.5218099849,"63":93.0208996286,"64":19.1785537647,"65":11.2982365472,"66":1.2877449369,"67":82.9812702973,"68":72.2307349443,"69":13.2223108584,"70":93.2846053487,"71":97.8861204838,"72":19.7854611718,"73":78.4580281199,"74":67.8490393729,"75":60.1889651341,"76":67.0465600355,"77":10.902806049,"78":49.7370893318,"79":77.9367411252,"80":62.2839552151,"81":75.7766696621,"82":29.6958939688,"83":92.4968448766,"84":91.9368049293,"85":36.6024616641,"86":38.3571452718,"87":85.7738448722,"88":46.8368048131,"89":2.863924888,"90":62.5371078975,"91":22.7309062773,"92":31.2366855585,"93":95.9663268307,"94":60.0802901904,"95":81.3626729672,"96":61.2014501903,"97":3.0970669678,"98":60.1460483206,"99":50.1671481128},"C":{"0":55.3741184502,"1":21.325584287,"2":53.279155756,"3":27.273164671,"4":51.0750265477,"5":61.5359732358,"6":16.1769736124,"7":86.5816591852,"8":38.2126368366,"9":5.3983511408,"10":51.8625838965,"11":75.2001904893,"12":69.8426403481,"13":61.5435360851,"14":22.5915848059,"15":36.7741909885,"16":33.3559845343,"17":66.2483670633,"18":55.2270015213,"19":25.8724204864,"20":23.5352271389,"21":6.544844953,"22":98.0754122444,"23":40.6210481319,"24":62.2775041641,"25":56.9358829848,"26":93.0634938445,"27":61.5006685364,"28":53.5890563277,"29":37.35027561,"30":4.8233290765,"31":38.836986826,"32":34.7196626743,"33":13.4567919406,"34":32.347319832,"35":6.378981085,"36":97.2039658272,"37":9.0503347773,"38":6.2584814016,"39":40.725637597,"40":88.7886232132,"41":69.3895893867,"42":43.2402505835,"43":62.7702828448,"44":85.4017269747,"45":4.5965289766,"46":45.6255576693,"47":28.9080377508,"48":14.3964055915,"49":56.2399107715,"50":55.9475352541,"51":4.7897898888,"52":86.838944216,"53":96.6628674256,"54":32.9099670382,"55":58.932456284,"56":21.6731281591,"57":33.8830662445,"58":81.5060123675,"59":16.6112530855,"60":81.3589129755,"61":10.9462515248,"62":85.518660854,"63":93.0743690107,"64":40.0289136181,"65":40.0662256451,"66":74.7784655706,"67":0.8861005572,"68":64.4312330599,"69":40.6957030393,"70":25.3942126636,"71":54.6612576545,"72":56.9322250492,"73":40.9203260113,"74":55.4929898167,"75":96.6200186603,"76":64.2329529507,"77":93.3087111273,"78":15.8274393603,"79":34.532077076,"80":65.2422633543,"81":6.9160328349,"82":76.2937260705,"83":43.1001373183,"84":80.6345191225,"85":59.8647967129,"86":28.050002468,"87":1.6525587457,"88":36.4401692434,"89":58.9250073407,"90":67.0960319013,"91":12.5932898427,"92":36.2518091621,"93":96.996259211,"94":14.7889032987,"95":36.480533278,"96":41.6799828221,"97":69.8157849413,"98":56.3007691633,"99":22.4383654788},"D":{"0":36.0782533895,"1":2.8454852939,"2":41.9450810577,"3":51.7419689672,"4":45.5172673792,"5":56.1282755309,"6":13.0679394772,"7":19.8362371543,"8":3.6785561518,"9":82.5241578435,"10":95.4090942651,"11":35.9470103898,"12":19.3713173277,"13":11.778542684,"14":16.1880695184,"15":84.9738880424,"16":56.9767446381,"17":98.2828741582,"18":43.6578343217,"19":90.9063961848,"20":30.3008988282,"21":70.8368824471,"22":2.4152340319,"23":37.3480177264,"24":31.6890846268,"25":71.5358569478,"26":92.9273285607,"27":2.7673251613,"28":21.5540086581,"29":68.0474768409,"30":11.468363988,"31":74.3758786556,"32":9.7027000619,"33":37.1154149891,"34":73.9428390069,"35":71.9895125308,"36":77.3922188679,"37":72.2653801734,"38":30.6716899666,"39":63.6174044244,"40":16.0351212439,"41":41.7237867677,"42":26.9060666874,"43":48.834514132,"44":98.5820472073,"45":76.9469693614,"46":52.6551171271,"47":3.6280922689,"48":68.8691325814,"49":85.6035112093,"50":24.257759398,"51":54.5199572522,"52":80.9473987463,"53":83.7187528867,"54":4.7236815563,"55":73.7334528486,"56":93.0136916706,"57":86.3933507509,"58":97.7330719973,"59":18.8071300472,"60":15.8217728107,"61":16.0029043605,"62":58.8228365935,"63":94.8146920687,"64":22.183902448,"65":13.84373904,"66":22.4265152746,"67":36.6248846388,"68":51.0719205232,"69":96.1369510089,"70":51.8888719769,"71":0.5609966515,"72":22.3722586749,"73":0.8361332975,"74":89.5964115899,"75":70.8277737114,"76":98.8637889487,"77":47.9535798323,"78":3.2960671856,"79":78.4311628149,"80":17.4116706998,"81":64.9809362769,"82":26.1803207507,"83":48.8317281662,"84":79.1790247879,"85":24.1630031318,"86":83.20184842,"87":17.3516182074,"88":11.3481876949,"89":50.9334343374,"90":72.0860608001,"91":4.1491054505,"92":86.468671417,"93":40.603514814,"94":47.5100371009,"95":30.3212504388,"96":96.2297137866,"97":76.2053497796,"98":60.1763717338,"99":68.8684650703},"E":{"0":92.8253456418,"1":99.2583754897,"2":24.3638074769,"3":10.3401903184,"4":32.8294075892,"5":95.6428576588,"6":28.4518654981,"7":79.6198794387,"8":80.7969048259,"9":85.0994105432,"10":46.7666083084,"11":32.9971082254,"12":74.1555311592,"13":15.5030116341,"14":16.3423411912,"15":21.0604805294,"16":27.4017828751,"17":67.0248426934,"18":87.7859359865,"19":54.6525378248,"20":7.0968875342,"21":17.446154978,"22":21.5454736826,"23":6.4818186122,"24":96.8295510094,"25":19.3782222118,"26":65.8117808251,